Milk,Coffee,Chicken,Bread,
Bread,Coffee,,,
Salt,,,,
Cheese,Butter,Rice,Milk,
Bread,Yogurt,Butter,Vinegar,Eggs
Yogurt,Coffee,Vinegar,,
Rice,Bread,Eggs,Pepper,Oil
Chicken,Milk,,,
Bread,,,,
Cereal,Tea,Vinegar,,
Sugar,Fish,,,
Cereal,Pepper,Coffee,Pasta,
Pasta,Cheese,Fish,Rice,Yogurt
Salt,Coffee,,,
Fish,Cereal,Pasta,,
Yogurt,Fish,Bread,Tea,Vinegar
Chicken,Yogurt,Pepper,Cereal,Fish
Pepper,Vinegar,Bread,Fish,Pasta
Eggs,Sugar,,,
Cheese,Pasta,,,
Butter,Coffee,Bread,,
Pepper,Pasta,Rice,,
Oil,Pasta,,,
Yogurt,,,,
Chicken,Tea,Rice,Pepper,Yogurt
Fruits,,,,
Salt,Butter,,,
Cereal,Vinegar,Pepper,,
Rice,,,,
Vinegar,Vegetables,Milk,,
Vinegar,Pepper,,,
Sugar,Vegetables,Bread,Milk,
Tea,Salt,,,
Coffee,Vegetables,Cereal,Pepper,Salt
Vinegar,,,,
Vegetables,Fish,Oil,Eggs,
Fruits,Eggs,Sugar,,
Fish,Eggs,Vinegar,,
Salt,,,,
Milk,,,,
Rice,Cereal,Sugar,,
Salt,Pepper,Milk,Vinegar,
Eggs,Fruits,Vegetables,,
Coffee,,,,
Sugar,Chicken,,,
Vegetables,,,,
Butter,Fruits,Sugar,,
Sugar,Fish,Fruits,Pasta,
Sugar,Rice,Pepper,,
Tea,Sugar,Coffee,Chicken,Salt
Sugar,,,,
Oil,Fish,Fruits,,
Tea,Salt,Oil,,
Rice,Vinegar,,,
Pasta,Tea,Cereal,,
Fruits,Yogurt,Milk,Salt,Chicken
Cheese,Chicken,Tea,,
Tea,Pasta,Eggs,Coffee,Bread
Rice,,,,
Salt,Fish,Pepper,,
Pasta,Fish,Butter,Bread,Cheese
Vinegar,Chicken,Fruits,,
Vegetables,Chicken,Eggs,Sugar,Yogurt
Fruits,Pepper,Coffee,,
Yogurt,Vegetables,,,
Fruits,Vegetables,,,
Rice,,,,
Vegetables,Fruits,Butter,Cereal,Coffee
Butter,Rice,,,
Fish,,,,
Fish,Pepper,Eggs,Vegetables,
Chicken,Milk,Oil,,
Cereal,Eggs,Sugar,Bread,Oil
Eggs,Vegetables,Bread,,
Cereal,Sugar,Chicken,Yogurt,Tea
Eggs,,,,
Vinegar,Vegetables,Rice,Bread,
Cereal,Fruits,Yogurt,Bread,
Sugar,Coffee,Fish,,
Fruits,Vegetables,Vinegar,Oil,Pasta
Yogurt,Sugar,Fish,Pasta,Fruits
Butter,,,,
Salt,Fruits,Tea,Cheese,Chicken
Pepper,Milk,Salt,,
Yogurt,Butter,,,
Coffee,Cereal,Vegetables,,
Yogurt,Fruits,,,
Cheese,Pepper,Sugar,,
Fruits,Fish,Vegetables,,
Fish,Oil,Cereal,Eggs,Bread
Vegetables,Oil,Bread,Cereal,Cheese
Bread,Cheese,Vinegar,,
Eggs,Butter,Rice,Fruits,
Cheese,Salt,,,
Pasta,Pepper,Vegetables,Milk,
Sugar,Pasta,,,
Pepper,Cereal,Rice,,
Rice,Milk,Vegetables,,
Pasta,Salt,,,
Fish,Cereal,Vinegar,Sugar,Eggs
Yogurt,Fruits,Bread,,
Chicken,Fruits,Pepper,Butter,
Vegetables,Pasta,,,
Salt,Chicken,,,
Cheese,Vegetables,Yogurt,Butter,Eggs
Cereal,Butter,Eggs,Tea,
Vegetables,Tea,Fruits,Fish,Pepper
Cereal,,,,
Pasta,Milk,,,
Sugar,Milk,,,
Cheese,Vinegar,Rice,Fruits,
Butter,,,,
Coffee,Tea,,,
Chicken,Cereal,,,
Vegetables,,,,
Fish,Bread,,,
Sugar,Rice,,,
Yogurt,Bread,,,
Cereal,Butter,Sugar,Rice,Tea
Fruits,Fish,,,
Coffee,Chicken,Pepper,,
Fruits,,,,
Fish,,,,
Eggs,Sugar,Tea,Milk,
Cereal,,,,
Milk,Sugar,Pasta,Bread,
Vegetables,Vinegar,Butter,,
Cereal,Coffee,Fruits,Vinegar,
Eggs,,,,
Yogurt,Bread,Eggs,Pepper,Rice
Milk,Oil,,,
Cereal,Fish,Fruits,Cheese,
Cheese,Yogurt,Eggs,Chicken,
Pepper,Eggs,,,
Pasta,Fish,Chicken,Milk,
Vinegar,Sugar,Bread,,
Vegetables,Butter,Cheese,,
Pasta,Milk,Vinegar,Fruits,
Tea,Rice,,,
Rice,Milk,,,
Bread,,,,
Chicken,Eggs,,,
Oil,Chicken,Tea,Coffee,Rice
Oil,Sugar,Chicken,Salt,
Butter,Tea,Chicken,Pasta,
Yogurt,Sugar,Fruits,Cereal,Eggs
Vegetables,,,,
Chicken,,,,
Vinegar,,,,
Pepper,Oil,Salt,,
Milk,Sugar,Cereal,Tea,
Cereal,Bread,Sugar,,
Coffee,,,,
Milk,Fish,Fruits,Eggs,Sugar
Pasta,Vegetables,Cereal,Coffee,Sugar
Cheese,Rice,Cereal,,
Cereal,Salt,Rice,Cheese,Vegetables
Eggs,Milk,Cheese,Bread,
Fish,Bread,Milk,Salt,
Cereal,,,,
Tea,Vegetables,Fruits,Yogurt,Chicken
Fish,,,,
Cheese,Chicken,Fish,Salt,
Fruits,,,,
Oil,Pasta,Chicken,Butter,Bread
Bread,,,,
Tea,Yogurt,Chicken,Butter,Rice
Rice,Yogurt,Fish,Pasta,Chicken
Cheese,,,,
Rice,Eggs,Oil,Fish,Tea
Tea,,,,
Yogurt,Fish,Vinegar,,
Vinegar,Salt,,,
Salt,Vegetables,Milk,Fruits,Cheese
Pasta,Sugar,,,
Yogurt,,,,
Chicken,Pepper,Cheese,Fruits,Sugar
Fruits,Pasta,Vegetables,Milk,
Vinegar,Cheese,Vegetables,Sugar,
Pasta,Chicken,Vegetables,,
Pasta,,,,
Coffee,Pasta,Cheese,Eggs,
Yogurt,,,,
Fruits,Oil,Cheese,Eggs,
Pepper,Eggs,,,
Milk,Chicken,Butter,Fruits,Cheese
Butter,Rice,Cheese,Fish,
Coffee,Tea,,,
Chicken,Tea,Pepper,,
Vinegar,Bread,,,
Milk,,,,
Salt,,,,
Vinegar,Sugar,Tea,Salt,
Rice,Fruits,,,
Oil,,,,
Oil,Bread,,,
Yogurt,Rice,Pepper,,
Bread,Yogurt,Milk,Cereal,
Fruits,Oil,Vegetables,Pasta,
Pasta,Cereal,Fruits,Milk,Chicken
Oil,Sugar,Fruits,,
Chicken,Sugar,,,
Vinegar,Rice,Milk,,
Tea,,,,
Vinegar,Chicken,Yogurt,,
Oil,Cereal,Pasta,Fruits,
Pepper,Butter,Milk,,
Bread,,,,
Oil,Salt,Coffee,Sugar,
Cereal,Milk,Pepper,Bread,Chicken
Salt,Milk,Coffee,Sugar,
Coffee,Cheese,Fruits,Butter,Cereal
Vinegar,Rice,Cereal,Oil,Pasta
Oil,Coffee,Vegetables,Fish,Rice
Yogurt,Chicken,Pasta,,
Oil,,,,
Fish,Vinegar,Chicken,,
Eggs,Cereal,Fish,,
Rice,Salt,,,
Tea,,,,
Rice,Salt,Milk,,
Fruits,Cereal,Salt,Eggs,
Pasta,Coffee,,,
Oil,Pasta,Tea,Cheese,Bread
Pasta,Salt,,,
Cereal,,,,
Chicken,Vinegar,Oil,,
Sugar,,,,
Pasta,Cheese,Fish,Oil,
Salt,,,,
Butter,Bread,Pepper,Yogurt,
Bread,Eggs,Vegetables,,
Butter,Eggs,Rice,Chicken,Pepper
Milk,Cereal,Cheese,,
Oil,Eggs,Yogurt,Pepper,
Yogurt,Eggs,,,
Pasta,Bread,,,
Salt,,,,
Fruits,Coffee,Fish,Cereal,
Yogurt,Cheese,Butter,,
Pasta,,,,
Chicken,,,,
Cheese,Vegetables,Eggs,Pepper,
Butter,Pasta,Vinegar,,
Rice,Fish,Fruits,Eggs,
Fish,Tea,Pasta,Coffee,Vinegar
Bread,Fruits,Coffee,,
Milk,Vegetables,,,
Fish,Chicken,Yogurt,Tea,Milk
Eggs,Cereal,Coffee,,
Chicken,,,,
Sugar,Chicken,Coffee,Fruits,
Eggs,,,,
Fish,,,,
Oil,Milk,Fruits,,
Milk,Sugar,Chicken,Pepper,
Eggs,Cheese,Vinegar,Tea,Oil
Yogurt,Coffee,,,
Tea,,,,
Milk,Pepper,Pasta,Vinegar,Bread
Chicken,Salt,Cereal,Bread,Sugar
Butter,Pasta,Vegetables,Rice,
Butter,Pepper,Fish,Eggs,Salt
Tea,Bread,,,
Cheese,,,,
Eggs,Tea,Butter,,
Pepper,,,,
Pepper,Vegetables,Cheese,,
Chicken,Rice,Cheese,,
Salt,Fruits,Tea,Yogurt,Milk
Cereal,,,,
Fruits,Bread,Fish,Rice,Sugar
Yogurt,Coffee,Pasta,,
Sugar,Coffee,Oil,Tea,Eggs
Sugar,Eggs,,,
Fish,,,,
Sugar,Fruits,,,
Yogurt,Bread,Pepper,,
Chicken,,,,
Eggs,Tea,Rice,Milk,Salt
Tea,Butter,,,
Oil,Fruits,Bread,,
Vegetables,Eggs,Rice,,
Vegetables,Rice,Vinegar,Cheese,
Eggs,Cheese,Oil,,
Coffee,Milk,Salt,Cheese,Chicken
Yogurt,Fish,Coffee,Butter,
Vegetables,Bread,,,
Milk,Fish,Pasta,Vegetables,
Vinegar,,,,
Yogurt,Milk,Oil,Pepper,
Pasta,Vinegar,Butter,Chicken,
Oil,,,,
Cereal,Fruits,Tea,,
Cheese,Fruits,Yogurt,Butter,Eggs
Milk,Butter,Rice,,
Tea,Fish,,,
Vinegar,Salt,Bread,Oil,Rice
Vinegar,Chicken,Salt,Fruits,
Fish,,,,
Rice,Fruits,Sugar,,
Sugar,Milk,Oil,,
Cheese,Milk,Tea,Bread,
Sugar,Oil,Pepper,,
Sugar,,,,
Sugar,Vegetables,Vinegar,,
Milk,Fruits,Rice,,
Pasta,,,,
Salt,,,,
Vegetables,,,,
Rice,Eggs,,,
Vegetables,Coffee,Pepper,Butter,Tea
Vegetables,Oil,,,
Eggs,Milk,,,
Chicken,Cheese,Milk,Rice,Cereal
Salt,Rice,Eggs,Coffee,Vinegar
Rice,Tea,Pepper,,
Yogurt,Fruits,Vinegar,Cereal,Cheese
Milk,Yogurt,Eggs,Rice,
Vinegar,Fish,Cheese,Pepper,Salt
Pepper,Chicken,Sugar,,
Fish,Salt,Eggs,Tea,
Vinegar,Sugar,Oil,Cereal,Coffee
Fruits,,,,
Coffee,Yogurt,Fruits,Bread,Pasta
Coffee,Eggs,,,
Butter,,,,
Vinegar,Yogurt,Cereal,Milk,
Pasta,,,,
Tea,Sugar,,,
Sugar,Pasta,Chicken,Cereal,
Cheese,Pasta,Tea,Rice,
Sugar,Vinegar,Cheese,Pasta,Butter
Bread,Oil,,,
Fish,Eggs,Pasta,Coffee,
Fish,Pasta,Oil,Tea,
Rice,Sugar,Fruits,,
Rice,Eggs,,,
Yogurt,Vegetables,Cereal,Oil,Pasta
Cereal,Coffee,Milk,Butter,Rice
Yogurt,Cheese,Chicken,,
Eggs,Salt,Fruits,Chicken,
Cheese,Cereal,Pepper,,
Bread,Rice,Cereal,Cheese,Fruits
Cereal,Vegetables,Cheese,,
Coffee,,,,
Coffee,Butter,,,
Vegetables,Oil,Rice,,
Vegetables,,,,
Eggs,Vegetables,Coffee,Cheese,Yogurt
Vinegar,Cereal,,,
Eggs,Salt,Bread,Vinegar,
Butter,,,,
Rice,Yogurt,,,
Cereal,Vinegar,Rice,,
Sugar,Oil,Pasta,,
Vinegar,Bread,Pasta,Vegetables,
Chicken,Fruits,Butter,,
Milk,Fish,Chicken,Cereal,Tea
Cereal,Chicken,Milk,Bread,
Coffee,Fruits,Eggs,Rice,Sugar
Oil,Tea,,,
Coffee,Sugar,Oil,Rice,Cereal
Chicken,Milk,Butter,Salt,
Cereal,,,,
Vegetables,Cheese,Yogurt,Coffee,Oil
Coffee,Chicken,Rice,Vinegar,Oil
Vinegar,Coffee,Fruits,Yogurt,Cheese
Oil,Eggs,Pepper,,
Chicken,Fish,,,
Pasta,Yogurt,Milk,Salt,Tea
Butter,Fish,Yogurt,,
Salt,,,,
Sugar,Chicken,Oil,,
Sugar,Fish,,,
Chicken,Vinegar,,,
Coffee,Fish,,,
Pepper,,,,
Fish,Yogurt,Oil,Coffee,Rice
Cereal,Pepper,Milk,Pasta,
Cereal,,,,
Oil,Butter,Bread,Cereal,Vegetables
Eggs,,,,
Eggs,Oil,Rice,Salt,Fish
Vegetables,Cereal,,,
Fish,Rice,Milk,Fruits,
Bread,Sugar,Coffee,Cereal,
Vegetables,,,,
Milk,Vinegar,,,
Butter,,,,
Tea,Chicken,,,
Chicken,Milk,,,
Rice,Chicken,Pasta,Oil,
Pasta,Milk,Bread,,
Milk,Cheese,Rice,Fish,
Eggs,Bread,Rice,Pepper,Butter
Sugar,Tea,Pepper,,
Butter,,,,
Chicken,Salt,Eggs,Pasta,Tea
Tea,Yogurt,Milk,Coffee,Butter
Vegetables,Vinegar,Milk,Pasta,
Salt,Pasta,,,
Fruits,Sugar,Vinegar,Milk,
Bread,,,,
Eggs,Vinegar,Vegetables,Pepper,
Butter,Pasta,Milk,Sugar,Cheese
Salt,,,,
Salt,Tea,Yogurt,,
Pasta,Vegetables,Vinegar,Tea,Rice
Oil,Pepper,Cheese,Eggs,Sugar
Pasta,Pepper,Yogurt,,
Salt,Rice,,,
Bread,Pasta,Salt,Vegetables,
Salt,Rice,Butter,Milk,
Pepper,,,,
Yogurt,Fish,Salt,,
Butter,Pepper,,,
Cheese,,,,
Fruits,Fish,Vinegar,Sugar,Butter
Yogurt,Sugar,Rice,Tea,Vegetables
Eggs,Oil,,,
Vegetables,,,,
Coffee,Milk,,,
Coffee,Rice,,,
Butter,Coffee,Eggs,Chicken,Yogurt
Cereal,Cheese,,,
Pasta,Coffee,Yogurt,,
Vegetables,Rice,Pasta,,
Sugar,Vinegar,Fish,Oil,Coffee
Tea,Eggs,Oil,Pasta,
Bread,,,,
Eggs,Sugar,Tea,,
Yogurt,,,,
Salt,Coffee,Pasta,Eggs,Vegetables
Vegetables,Rice,Salt,,
Yogurt,Milk,Tea,Butter,
Tea,Yogurt,Cereal,Vinegar,
Fish,Pasta,Cereal,Bread,Vegetables
Vinegar,,,,
Pepper,Cereal,Chicken,Yogurt,Coffee
Sugar,Tea,Fish,,
Butter,Cereal,,,
Coffee,Pasta,Yogurt,,
Milk,Pepper,,,
Fish,Yogurt,,,
Fruits,Tea,Rice,Milk,Yogurt
Sugar,,,,
Chicken,Pasta,Oil,,
Sugar,Fruits,Salt,Milk,Cheese
Pasta,Vinegar,Rice,Butter,Cereal
Bread,Milk,,,
Pasta,Cheese,Vinegar,Cereal,Milk
Fruits,Salt,Sugar,,
Salt,Oil,Rice,,
Sugar,Pasta,Eggs,Yogurt,Pepper
Chicken,Eggs,Salt,Fish,
Fruits,Vegetables,Sugar,Rice,
Cheese,Bread,Fruits,Yogurt,
Vegetables,,,,
Butter,Cheese,Tea,,
Bread,Salt,Coffee,Cereal,Sugar
Bread,Eggs,Milk,Oil,Salt
Cereal,Eggs,,,
Pepper,Cheese,Vinegar,,
Vinegar,Milk,,,
Milk,Sugar,,,
Sugar,,,,
Cheese,Oil,Vegetables,Vinegar,
Sugar,Pepper,Salt,Pasta,
Yogurt,Bread,Tea,Coffee,
Yogurt,Vegetables,Pepper,Fish,Cheese
Eggs,Rice,Fish,Oil,Butter
Salt,Coffee,Pepper,,
Pasta,Vegetables,Vinegar,Fish,
Pasta,,,,
Eggs,Rice,Fruits,Chicken,
Bread,Yogurt,Pepper,,
Cereal,,,,
Rice,Cheese,,,
Vinegar,Oil,Rice,,
Salt,Vegetables,Cheese,,
Coffee,Chicken,,,
Chicken,,,,
Chicken,Coffee,Vegetables,,
Pasta,Fruits,Cereal,Tea,
Chicken,,,,
Vinegar,Yogurt,Fruits,Pepper,Butter
Vegetables,,,,
Eggs,Sugar,Vegetables,Fruits,
Tea,Pepper,,,
Cereal,Rice,Butter,Pepper,
Eggs,Yogurt,Coffee,Vegetables,
Vegetables,Fruits,Coffee,Tea,Pepper
Rice,Cereal,,,
Milk,Oil,Pasta,,
Sugar,,,,
Pepper,Tea,Fruits,Eggs,Rice
Pepper,,,,
Fruits,Cheese,,,
Bread,Fish,Vinegar,Milk,
Salt,Oil,Pepper,Bread,Coffee
Yogurt,Cheese,,,
Vegetables,Cheese,Butter,,
Pasta,,,,
Cereal,,,,
Rice,Coffee,Cereal,Fish,Yogurt
Vinegar,Fish,Coffee,Pepper,Tea
Pepper,Butter,Tea,Yogurt,
Fruits,,,,
Eggs,,,,
Rice,Yogurt,Butter,Bread,
Butter,Cereal,Fruits,Vegetables,Pepper
Vegetables,Yogurt,Oil,Milk,
Cheese,Eggs,,,
Fish,,,,
Fish,Salt,Vinegar,Sugar,
Milk,Vinegar,Oil,,
Oil,Coffee,Vegetables,Cheese,
Tea,Oil,Coffee,,
Fish,,,,
Fruits,Cheese,Sugar,,
Sugar,Milk,Rice,Pasta,
Tea,Butter,,,
Oil,Butter,Chicken,,
Eggs,,,,
Chicken,Cereal,Cheese,Fruits,Vinegar
Sugar,Fruits,Pasta,Yogurt,
Fish,Eggs,,,
Bread,Vegetables,,,
Pasta,Vegetables,Cereal,Rice,Fruits
Fruits,Pasta,Eggs,Milk,
Eggs,Cheese,Pasta,,
Eggs,Pepper,Vegetables,Chicken,Bread
Bread,Yogurt,Salt,Tea,Pasta
Fruits,Bread,Coffee,Yogurt,
Salt,Fruits,,,
Vegetables,Pasta,,,
Bread,Fish,Vegetables,Cheese,
Yogurt,,,,
Rice,Chicken,Pepper,Tea,Salt
Butter,,,,
Eggs,Tea,Yogurt,Fruits,
Rice,Oil,,,
Pasta,,,,
Bread,Sugar,Pasta,Fruits,
Salt,Fruits,Chicken,Pepper,
Eggs,,,,
Eggs,Cereal,Rice,Sugar,Pasta
Salt,Bread,Fish,Fruits,Oil
Pepper,Salt,,,
Butter,Salt,Coffee,,
Butter,Coffee,Bread,,
Yogurt,,,,
Chicken,,,,
Salt,Fruits,Cereal,,
Salt,Vegetables,Milk,Sugar,
Chicken,Rice,Coffee,Cheese,Eggs
Milk,Oil,Fruits,,
Butter,Vegetables,,,
Salt,,,,
Vegetables,Chicken,Rice,Cereal,Pasta
Cheese,Vegetables,Bread,,
Coffee,Yogurt,Vegetables,Rice,Eggs
Pasta,Cereal,Vegetables,Fish,Eggs
Salt,Rice,Fruits,Bread,
Vegetables,Cheese,Salt,,
Cheese,Coffee,Butter,Sugar,Pasta
Vinegar,,,,
Coffee,Pasta,Fish,Vegetables,
Cheese,,,,
Bread,Vegetables,Cheese,,
Chicken,Bread,Cereal,Fish,
Yogurt,Sugar,,,
Vinegar,Pepper,Milk,,
Coffee,Bread,Eggs,Fish,Pepper
Salt,Sugar,Pasta,Eggs,
Yogurt,,,,
Cheese,Tea,,,
Rice,Salt,Pasta,,
Sugar,Coffee,Vegetables,,
Coffee,,,,
Yogurt,Butter,Coffee,,
Cheese,Salt,Coffee,Yogurt,
Tea,Milk,,,
Milk,Sugar,Pepper,Yogurt,
Pepper,Milk,Oil,,
Vegetables,Fruits,Tea,Fish,
Tea,Rice,,,
Sugar,Pasta,Pepper,,
Bread,Rice,Cereal,,
Eggs,,,,
Pepper,Eggs,Oil,Salt,Tea
Tea,Vegetables,Oil,Chicken,
Vinegar,Sugar,Cereal,,
Coffee,Pasta,,,
Yogurt,,,,
Cheese,Pasta,Pepper,Yogurt,Salt
Oil,Chicken,Coffee,Milk,
Cereal,Eggs,,,
Bread,Milk,,,
Yogurt,Tea,Butter,Pepper,Salt
Fruits,Bread,Eggs,Vegetables,
Cereal,Fish,Vinegar,Vegetables,
Yogurt,Pasta,,,
Bread,Salt,Cheese,Tea,
Rice,Vinegar,Chicken,Vegetables,Milk
Bread,Pepper,Salt,,
Fruits,Sugar,Yogurt,,
Fish,,,,
Chicken,,,,
Butter,Oil,Fish,Salt,Bread
Salt,,,,
Cereal,Milk,Pepper,,
Bread,Pasta,Oil,Coffee,Butter
Cereal,Chicken,Fruits,Pepper,Vinegar
Bread,Yogurt,Chicken,Butter,
Milk,,,,
Oil,Sugar,Fruits,Tea,Vinegar
Bread,Milk,,,
Pasta,,,,
Rice,Salt,Pasta,Fruits,
Eggs,Cheese,Coffee,Pasta,
Yogurt,Pepper,Pasta,Rice,Tea
Chicken,Pepper,Milk,Fruits,
Yogurt,Vinegar,,,
Fish,Pepper,Vegetables,Salt,Vinegar
Cereal,,,,
Fruits,Salt,Pepper,Yogurt,Eggs
Yogurt,,,,
Eggs,Fish,,,
Tea,,,,
Fish,,,,
Rice,Milk,Yogurt,Bread,Fruits
Oil,Vinegar,Chicken,Tea,Rice
Salt,Pepper,Fish,Butter,
Oil,Cheese,Coffee,Sugar,
Butter,Pepper,Salt,Tea,Chicken
Fruits,,,,
Salt,Milk,Bread,Pepper,Pasta
Butter,Eggs,Sugar,Vegetables,Yogurt
Cereal,Chicken,Cheese,Butter,
Butter,Milk,Cheese,Pepper,
Pepper,,,,
Coffee,Cheese,Salt,,
Butter,Salt,Chicken,Fish,Rice
Eggs,Bread,,,
Pepper,Coffee,Cereal,Cheese,Vinegar
Coffee,Yogurt,Rice,,
Pepper,Cereal,Butter,Fish,
Cheese,,,,
Vegetables,,,,
Salt,,,,
Salt,Pasta,,,
Fish,Coffee,,,
Fruits,,,,
Cereal,Pepper,,,
Vinegar,,,,
Chicken,Butter,Pasta,Bread,Oil
Fruits,,,,
Butter,Yogurt,,,
Pepper,Chicken,,,
Eggs,,,,
Cheese,Fruits,Pepper,Bread,Butter
Fruits,Chicken,Vegetables,Oil,
Vinegar,Fruits,Chicken,,
Milk,Cheese,Pepper,,
Rice,Fruits,Vegetables,,
Bread,Cheese,Coffee,Vinegar,
Butter,Vinegar,,,
Butter,,,,
Salt,,,,
Pepper,Tea,Bread,,
Pasta,Cereal,,,
Fruits,Cheese,Milk,Tea,
Coffee,Yogurt,Salt,Cereal,Bread
Milk,Vinegar,Chicken,,
Yogurt,Tea,Vegetables,,
Sugar,Cereal,Pepper,Vinegar,Yogurt
Chicken,Eggs,Milk,Pasta,
Cereal,,,,
Vinegar,Coffee,Milk,Oil,
Bread,Tea,,,
Pepper,Eggs,Fish,Cereal,Bread
Tea,Salt,Bread,,
Coffee,Butter,Chicken,,
Fruits,Pepper,,,
Coffee,Butter,,,
Cheese,Oil,Pepper,,
Salt,Fruits,,,
Sugar,Chicken,,,
Eggs,Chicken,,,
Tea,Salt,Pasta,Vinegar,
Sugar,Pepper,Yogurt,Cereal,Pasta
Milk,,,,
Vinegar,,,,
Coffee,,,,
Eggs,Rice,Chicken,Salt,
Chicken,,,,
Pepper,Yogurt,Vegetables,Coffee,
Oil,Fruits,Tea,,
Butter,Eggs,Tea,Fruits,Cheese
Butter,Sugar,Milk,Pepper,Salt
Sugar,Vinegar,Chicken,Fish,
Milk,Salt,Tea,Vegetables,
Yogurt,Cereal,Vegetables,Butter,
Coffee,Yogurt,Pasta,Tea,Eggs
Butter,,,,
Vinegar,Fruits,,,
Coffee,Yogurt,Tea,,
Pasta,Yogurt,,,
Bread,Pasta,Pepper,Oil,Salt
Butter,Salt,Fish,,
Sugar,Salt,Pasta,Eggs,
Fish,,,,
Vegetables,Cheese,Bread,Milk,
Fruits,Pasta,Tea,,
Vegetables,,,,
Fruits,Oil,Pepper,Butter,Vinegar
Coffee,Sugar,Salt,Oil,
Yogurt,Vegetables,,,
Vegetables,Rice,Cheese,,
Salt,Fish,Bread,Vinegar,Cereal
Milk,,,,
Coffee,Tea,Vinegar,Butter,
Chicken,,,,
Fruits,Rice,Chicken,Coffee,Pasta
Milk,Vinegar,,,
Cheese,Pepper,Coffee,Pasta,
Yogurt,,,,
Cheese,Yogurt,Vegetables,Eggs,Pasta
Salt,Chicken,Cheese,Butter,
Sugar,Chicken,Butter,Fish,
Pepper,Cereal,Tea,Fish,Rice
Eggs,,,,
Vinegar,Sugar,,,
Salt,,,,
Salt,Yogurt,Oil,,
Chicken,Pasta,,,
Salt,Pepper,,,
Butter,Pepper,Vegetables,Fruits,
Pasta,Chicken,Vegetables,,
Fruits,Vegetables,Butter,Sugar,
Rice,,,,
Fruits,Oil,Rice,,
Rice,Butter,Sugar,Bread,
Butter,Rice,,,
Tea,Pasta,,,
Rice,Bread,Coffee,Salt,
Yogurt,,,,
Fish,Cereal,Vinegar,,
Butter,,,,
Vegetables,Milk,Sugar,Rice,
Milk,,,,
Rice,Eggs,Milk,,
Pasta,Sugar,Eggs,Bread,Fish
Fish,,,,
Tea,Vinegar,,,
Butter,,,,
Fish,,,,
Coffee,Pepper,Fruits,Salt,Rice
Vegetables,Oil,Coffee,,
Cereal,Fish,Vinegar,,
Cereal,Vinegar,Chicken,Butter,Fish
Salt,,,,
Pasta,Rice,Salt,Sugar,Fruits
Pepper,Cereal,Fruits,,
Oil,Vegetables,,,
Pepper,Coffee,,,
Eggs,Pasta,Butter,Salt,
Cereal,,,,
Eggs,,,,
Cereal,,,,
Chicken,,,,
Coffee,,,,
Tea,Eggs,Coffee,Pepper,Rice
Yogurt,,,,
Pepper,Tea,Salt,,
Sugar,,,,
Coffee,Salt,Milk,Vegetables,Chicken
Sugar,Chicken,Yogurt,,
Fruits,,,,
Yogurt,,,,
Cereal,Rice,Eggs,Fruits,
Milk,,,,
Fruits,Rice,Oil,Cheese,
Bread,Pepper,,,
Butter,Yogurt,Chicken,,
Sugar,Rice,,,
Pasta,Fruits,Yogurt,Cheese,Fish
Milk,Vegetables,Oil,Rice,Chicken
Butter,Milk,Cheese,Fruits,
Vinegar,Bread,Fish,Sugar,Tea
Vegetables,Milk,Cereal,,
Coffee,Yogurt,,,
Vegetables,Pepper,Oil,,
Yogurt,,,,
Rice,,,,
Fish,Salt,,,
Oil,Milk,Sugar,,
Fruits,,,,
Vegetables,Rice,Chicken,Bread,
Pasta,,,,
Rice,Fish,Milk,Tea,Cereal
Oil,Bread,Pepper,Cereal,Cheese
Vegetables,Pepper,,,
Fruits,Cereal,Salt,,
Fruits,,,,
Eggs,Sugar,Milk,Chicken,Vinegar
Pepper,Vinegar,,,
Butter,Bread,Eggs,,
Milk,Coffee,Sugar,,
Pasta,Milk,Cheese,,
Fish,Butter,Cheese,Pepper,
Eggs,Pepper,,,
Eggs,Coffee,Rice,Milk,Yogurt
Cereal,Oil,Cheese,,
Coffee,Cereal,Salt,,
Eggs,Sugar,Oil,Fish,
Tea,Cheese,Chicken,Fruits,
Salt,Vegetables,Cheese,Milk,Sugar
Oil,,,,
Oil,,,,
Rice,Butter,Fish,Vinegar,Yogurt
Eggs,Fish,,,
Vinegar,,,,
Pasta,Fruits,Salt,Bread,Tea
Chicken,,,,
Fruits,Oil,Pepper,Salt,Eggs
Pasta,Oil,,,
Vinegar,Chicken,Rice,Pepper,
Rice,Cheese,Milk,Butter,Yogurt
Vinegar,Cereal,,,
Vinegar,Coffee,Sugar,Pepper,
Fish,Milk,Cereal,,
Salt,Cereal,Tea,Sugar,Pepper
Salt,Tea,Sugar,,
Rice,Butter,Tea,Chicken,Salt
Cheese,Pasta,Yogurt,Cereal,Butter
Coffee,Vinegar,Butter,Yogurt,Pasta
Sugar,,,,
Tea,,,,
Cereal,Coffee,Salt,Cheese,Chicken
Butter,Vinegar,Pasta,Fish,
Tea,Pasta,Sugar,Coffee,
Tea,Pasta,Chicken,Fish,
Pasta,Sugar,Fish,Vegetables,
Fruits,Milk,Yogurt,,
Bread,,,,
Cereal,Milk,,,
Tea,Pepper,Butter,Milk,
Vegetables,Butter,,,
Milk,,,,
Fruits,Salt,Pepper,Fish,Cheese
Pepper,Oil,,,
Sugar,Cheese,Vegetables,Butter,
Pepper,Milk,Yogurt,,
Milk,Chicken,Yogurt,,
Vinegar,Oil,,,
Vegetables,Tea,Bread,Sugar,Butter
Fish,Milk,Pasta,Fruits,Vegetables
Tea,Yogurt,Cereal,Butter,Oil
Milk,Vinegar,Fish,Tea,
Tea,Butter,Oil,,
Rice,Fruits,Yogurt,,
Milk,Fruits,Pasta,,
Eggs,,,,
Coffee,Pasta,Cereal,,
Eggs,Oil,,,
Cheese,Coffee,Sugar,,
Tea,Eggs,,,
Fruits,,,,
Cheese,Oil,Cereal,,
Tea,Pasta,Pepper,Vinegar,Sugar
Vegetables,,,,
Pasta,Cereal,,,
Vegetables,Chicken,,,
Bread,,,,
Tea,Rice,Coffee,Butter,
Pepper,Rice,Vinegar,Yogurt,Tea
Rice,Sugar,,,
Fish,Butter,Tea,Cheese,Pasta
Bread,,,,
Oil,Cereal,,,
Fish,,,,
Sugar,Oil,,,
Tea,,,,
Cereal,Oil,,,
Yogurt,Cereal,Eggs,Fish,Tea
Pepper,Butter,Fruits,Cheese,
Cereal,Tea,Pasta,,
Yogurt,Tea,,,
Yogurt,,,,
Oil,Cereal,Yogurt,,
Butter,Pepper,Chicken,Vinegar,Eggs
Chicken,Butter,Pepper,Rice,
Chicken,Fruits,Butter,Vinegar,
Sugar,Bread,Chicken,,
Pepper,,,,
Rice,Coffee,,,
Pepper,Eggs,Salt,Chicken,
Vegetables,Oil,Chicken,,
Bread,,,,
Milk,Vinegar,Bread,Rice,Tea
Pepper,Sugar,,,
Cereal,Bread,Pepper,Eggs,Sugar
Coffee,Bread,Salt,Milk,Fruits
Chicken,Cheese,Cereal,Bread,Rice
Pasta,Fruits,Chicken,,
Coffee,Rice,Bread,Tea,
Butter,Pepper,,,
Yogurt,,,,
Vinegar,Oil,Chicken,Pepper,Sugar
Fruits,Milk,Salt,Cereal,Fish
Cheese,Cereal,Chicken,Vegetables,Bread
Yogurt,Coffee,Cheese,Cereal,Eggs
Vegetables,Bread,,,
Yogurt,Sugar,,,
Bread,Cheese,Butter,,
Rice,Tea,Chicken,Sugar,Yogurt
Vegetables,Coffee,Eggs,Tea,
Oil,Pasta,Fruits,Fish,Vegetables
Pasta,,,,
Pepper,Chicken,Rice,,
Salt,,,,
Sugar,Yogurt,Fruits,Cheese,
Eggs,Bread,Cheese,Cereal,Chicken
Coffee,Pepper,Sugar,Tea,Yogurt
Cheese,,,,
Cereal,Tea,Vegetables,,
Butter,Salt,Oil,Cereal,Milk
Milk,Fish,,,
Cereal,Bread,Oil,Butter,
Coffee,Fish,Salt,Butter,
Salt,Vinegar,Eggs,Vegetables,Pasta
Cheese,Pepper,Fish,,
Sugar,Coffee,Milk,,
Salt,,,,
Vinegar,Salt,Cereal,Eggs,
Oil,Butter,,,
Vinegar,Coffee,Milk,,
Coffee,Butter,Fish,Salt,Fruits
Salt,Tea,,,
Pasta,Sugar,Fruits,Tea,
Vinegar,,,,
Cereal,Sugar,,,
Chicken,Salt,,,
Coffee,Fruits,,,
Coffee,Chicken,Eggs,,
Oil,Fruits,Rice,Bread,Eggs
Fish,Vinegar,Coffee,,
Pasta,Salt,Cereal,Cheese,
Pepper,Coffee,Cereal,,
Oil,Fruits,Butter,Cereal,
Fish,,,,
Rice,Milk,Fish,Cheese,
Vinegar,Milk,,,
Fish,Rice,Eggs,Oil,Sugar
Cereal,Butter,Bread,Pasta,Eggs
Salt,Pasta,Tea,Yogurt,Cereal
Coffee,,,,
Fruits,Vinegar,Tea,Salt,Butter
Pasta,,,,
Pasta,Rice,Milk,,
Coffee,,,,
Eggs,Cheese,Pepper,Pasta,Cereal
Vegetables,Rice,Cereal,Fish,
Milk,Yogurt,Butter,Fruits,Vegetables
Eggs,,,,
Chicken,Oil,,,
Fruits,Sugar,Salt,,
Cheese,,,,
Cereal,Butter,Vegetables,,
Oil,Milk,Cheese,,
Milk,Pasta,Cheese,Cereal,
Cereal,Vegetables,Vinegar,Sugar,Butter
Chicken,Vinegar,,,
Chicken,Tea,Vegetables,Sugar,
Milk,Coffee,Chicken,,
Pepper,Fish,,,
Fruits,Eggs,,,
Chicken,Fish,Cereal,,
Fish,Fruits,,,
Fruits,Fish,Vegetables,,
Butter,,,,
Eggs,,,,
Coffee,Eggs,Salt,Cheese,Rice
Oil,Cereal,Pepper,Pasta,
Bread,,,,
Pepper,Oil,Vinegar,,
Cheese,Vegetables,,,
Coffee,Butter,Pepper,Vinegar,Cereal
Vinegar,Chicken,Coffee,,
Pepper,,,,
Rice,Eggs,,,
Milk,Oil,,,
Yogurt,,,,
Yogurt,Bread,Eggs,,
Milk,Oil,Butter,,
Fish,Pasta,Bread,,
Fruits,Cheese,Vegetables,Pepper,Oil
